Surface,Production_Volume,Type,Color,Dept_Code,Dept_Name,Latitude,Longitude
519.0,13672.0,AOP,Blanc,01,Ain,46.0667,5.45
2486.0,204785.0,AOP,Blanc,02,Aisne,49.5,3.5
546.0,8143.0,AOP,Blanc,03,Allier,46.3667,3.1667
255.0,1472.0,AOP,Blanc,04,Alpes-de-Haute-Provence,44.0833,6.2333
,0.0,AOP,Blanc,05,Hautes-Alpes,44.6667,6.5
51.0,407.0,AOP,Blanc,06,Alpes-Maritimes,43.7,7.25
2748.0,10340.0,AOP,Blanc,07,Ardèche,44.75,4.4
,0.0,AOP,Blanc,09,Ariège,43.0,1.5
7166.0,613629.0,AOP,Blanc,10,Aube,48.3,4.0833
19491.0,103732.0,AOP,Blanc,11,Aude,43.2167,2.35
309.0,385.0,AOP,Blanc,12,Aveyron,44.35,2.575
6944.0,21724.0,AOP,Blanc,13,Bouches-du-Rhône,43.3,5.4
,0.0,AOP,Blanc,14,Calvados,49.1833,-0.35
2.0,19.0,AOP,Blanc,15,Cantal,45.0333,2.6667
109.0,2698.0,AOP,Blanc,16,Charente,45.65,0.15
849.0,21035.0,AOP,Blanc,17,Charente-Maritime,45.75,-0.6333
4206.0,211766.0,AOP,Blanc,18,Cher,47.0833,2.4
24.0,401.0,AOP,Blanc,19,Corrèze,45.2667,1.7667
9439.0,209966.0,AOP,Blanc,21,Côte-d'Or,47.3167,4.9833
,0.0,AOP,Blanc,23,Creuse,46.0333,2.0667
10239.0,188955.0,AOP,Blanc,24,Dordogne,45.1833,0.7167
,0.0,AOP,Blanc,25,Doubs,47.2333,6.0167
13635.0,124862.0,AOP,Blanc,26,Drôme,44.7333,5.2167
707.0,4662.0,AOP,Blanc,2A,Corse-du-Sud,41.8667,8.9833
2092.0,13733.0,AOP,Blanc,2B,Haute-Corse,42.4,9.5
19361.0,60880.0,AOP,Blanc,30,Gard,43.9333,4.45
756.0,0.0,AOP,Blanc,31,Haute-Garonne,43.6,1.4333
1723.0,20151.0,AOP,Blanc,32,Gers,43.65,0.5833
112633.0,584106.0,AOP,Blanc,33,Gironde,44.8333,-0.5667
16804.0,150283.0,AOP,Blanc,34,Hérault,43.6167,3.8767
343.0,12181.0,AOP,Blanc,36,Indre,46.8,1.7167
8967.0,198477.0,AOP,Blanc,37,Indre-et-Loire,47.3833,0.6833
155.0,7961.0,AOP,Blanc,38,Isère,45.1667,5.7167
1976.0,96578.0,AOP,Blanc,39,Jura,46.6667,5.55
298.0,1815.0,AOP,Blanc,40,Landes,43.8833,-0.5
4844.0,184512.0,AOP,Blanc,41,Loir-et-Cher,47.5833,1.3333
628.0,7345.0,AOP,Blanc,42,Loire,45.7333,4.2833
,0.0,AOP,Blanc,43,Haute-Loire,45.0333,3.8833
7482.0,421115.0,AOP,Blanc,44,Loire-Atlantique,47.2167,-1.55
99.0,1837.0,AOP,Blanc,45,Loiret,47.9,2.2
3375.0,0.0,AOP,Blanc,46,Lot,44.6167,1.6
4357.0,30638.0,AOP,Blanc,47,Lot-et-Garonne,44.2,0.6333
,0.0,AOP,Blanc,48,Lozère,44.5167,3.5
17266.0,336018.0,AOP,Blanc,49,Maine-et-Loire,47.4667,-0.55
23824.0,1829049.0,AOP,Blanc,51,Marne,48.95,4.3667
48.0,3931.0,AOP,Blanc,52,Haute-Marne,48.1167,5.1333
,0.0,AOP,Blanc,53,Mayenne,48.0667,-0.7667
78.0,1090.0,AOP,Blanc,54,Meurthe-et-Moselle,48.6833,6.2
,0.0,AOP,Blanc,55,Meuse,48.7667,5.5667
51.0,1062.0,AOP,Blanc,57,Moselle,49.1333,6.1667
1419.0,85341.0,AOP,Blanc,58,Nièvre,47.0833,3.5
,0.0,AOP,Blanc,62,Pas-de-Calais,50.5333,2.3333
278.0,1939.0,AOP,Blanc,63,Puy-de-Dôme,45.7833,3.0833
2374.0,59697.0,AOP,Blanc,64,Pyrénées-Atlantiques,43.3,-0.3667
206.0,1398.0,AOP,Blanc,65,Hautes-Pyrénées,43.2333,0.0833
14440.0,89375.0,AOP,Blanc,66,Pyrénées-Orientales,42.6833,2.895
6705.0,492663.0,AOP,Blanc,67,Bas-Rhin,48.5833,7.75
8978.0,636523.0,AOP,Blanc,68,Haut-Rhin,47.8667,7.3667
15539.0,127418.0,AOP,Blanc,69,Rhône,45.75,4.8333
,0.0,AOP,Blanc,70,Haute-Saône,47.6333,6.0833
12911.0,571051.0,AOP,Blanc,71,Saône-et-Loire,46.5833,4.8333
147.0,4147.0,AOP,Blanc,72,Sarthe,48.0,0.2
1726.0,75449.0,AOP,Blanc,73,Savoie,45.5667,6.3
147.0,5313.0,AOP,Blanc,74,Haute-Savoie,46.0,6.3333
30.0,2632.0,AOP,Blanc,77,Seine-et-Marne,48.6,2.95
696.0,12643.0,AOP,Blanc,79,Deux-Sèvres,46.5,-0.3333
2828.0,34744.0,AOP,Blanc,81,Tarn,43.9333,2.15
697.0,0.0,AOP,Blanc,82,Tarn-et-Garonne,44.0167,1.35
22044.0,38559.0,AOP,Blanc,83,Var,43.4167,6.2667
35728.0,87689.0,AOP,Blanc,84,Vaucluse,44.05,5.05
526.0,10720.0,AOP,Blanc,85,Vendée,46.6667,-1.4333
547.0,20066.0,AOP,Blanc,86,Vienne,46.5833,0.3333
,0.0,AOP,Blanc,87,Haute-Vienne,45.8333,1.25
,0.0,AOP,Blanc,88,Vosges,48.1667,6.45
7712.0,429154.0,AOP,Blanc,89,Yonne,47.8,3.5667
,0.0,AOP,Blanc,95,Val-d'Oise,49.0833,2.1333
519.0,3907.0,AOP,Rouge,01,Ain,46.0667,5.45
2486.0,0.0,AOP,Rouge,02,Aisne,49.5,3.5
546.0,15803.0,AOP,Rouge,03,Allier,46.3667,3.1667
255.0,3138.0,AOP,Rouge,04,Alpes-de-Haute-Provence,44.0833,6.2333
,0.0,AOP,Rouge,05,Hautes-Alpes,44.6667,6.5
51.0,378.0,AOP,Rouge,06,Alpes-Maritimes,43.7,7.25
2748.0,93958.0,AOP,Rouge,07,Ardèche,44.75,4.4
,0.0,AOP,Rouge,09,Ariège,43.0,1.5
7166.0,0.0,AOP,Rouge,10,Aube,48.3,4.0833
19491.0,554957.0,AOP,Rouge,11,Aude,43.2167,2.35
309.0,9274.0,AOP,Rouge,12,Aveyron,44.35,2.575
6944.0,29412.0,AOP,Rouge,13,Bouches-du-Rhône,43.3,5.4
,0.0,AOP,Rouge,14,Calvados,49.1833,-0.35
2.0,50.0,AOP,Rouge,15,Cantal,45.0333,2.6667
109.0,0.0,AOP,Rouge,16,Charente,45.65,0.15
849.0,352.0,AOP,Rouge,17,Charente-Maritime,45.75,-0.6333
4206.0,33590.0,AOP,Rouge,18,Cher,47.0833,2.4
24.0,345.0,AOP,Rouge,19,Corrèze,45.2667,1.7667
9439.0,281454.0,AOP,Rouge,21,Côte-d'Or,47.3167,4.9833
,0.0,AOP,Rouge,23,Creuse,46.0333,2.0667
10239.0,219163.0,AOP,Rouge,24,Dordogne,45.1833,0.7167
,0.0,AOP,Rouge,25,Doubs,47.2333,6.0167
13635.0,404240.0,AOP,Rouge,26,Drôme,44.7333,5.2167
707.0,11912.0,AOP,Rouge,2A,Corse-du-Sud,41.8667,8.9833
2092.0,16273.0,AOP,Rouge,2B,Haute-Corse,42.4,9.5
19361.0,638187.0,AOP,Rouge,30,Gard,43.9333,4.45
756.0,19804.0,AOP,Rouge,31,Haute-Garonne,43.6,1.4333
1723.0,57432.0,AOP,Rouge,32,Gers,43.65,0.5833
112633.0,4233420.0,AOP,Rouge,33,Gironde,44.8333,-0.5667
16804.0,324034.0,AOP,Rouge,34,Hérault,43.6167,3.8767
343.0,5263.0,AOP,Rouge,36,Indre,46.8,1.7167
8967.0,240822.0,AOP,Rouge,37,Indre-et-Loire,47.3833,0.6833
155.0,757.0,AOP,Rouge,38,Isère,45.1667,5.7167
1976.0,23025.0,AOP,Rouge,39,Jura,46.6667,5.55
298.0,5534.0,AOP,Rouge,40,Landes,43.8833,-0.5
4844.0,58031.0,AOP,Rouge,41,Loir-et-Cher,47.5833,1.3333
628.0,19308.0,AOP,Rouge,42,Loire,45.7333,4.2833
,0.0,AOP,Rouge,43,Haute-Loire,45.0333,3.8833
7482.0,1665.0,AOP,Rouge,44,Loire-Atlantique,47.2167,-1.55
99.0,2026.0,AOP,Rouge,45,Loiret,47.9,2.2
3375.0,159701.0,AOP,Rouge,46,Lot,44.6167,1.6
4357.0,139869.0,AOP,Rouge,47,Lot-et-Garonne,44.2,0.6333
,0.0,AOP,Rouge,48,Lozère,44.5167,3.5
17266.0,168573.0,AOP,Rouge,49,Maine-et-Loire,47.4667,-0.55
23824.0,0.0,AOP,Rouge,51,Marne,48.95,4.3667
48.0,0.0,AOP,Rouge,52,Haute-Marne,48.1167,5.1333
,0.0,AOP,Rouge,53,Mayenne,48.0667,-0.7667
78.0,767.0,AOP,Rouge,54,Meurthe-et-Moselle,48.6833,6.2
,0.0,AOP,Rouge,55,Meuse,48.7667,5.5667
51.0,656.0,AOP,Rouge,57,Moselle,49.1333,6.1667
1419.0,2148.0,AOP,Rouge,58,Nièvre,47.0833,3.5
,0.0,AOP,Rouge,62,Pas-de-Calais,50.5333,2.3333
278.0,8881.0,AOP,Rouge,63,Puy-de-Dôme,45.7833,3.0833
2374.0,30528.0,AOP,Rouge,64,Pyrénées-Atlantiques,43.3,-0.3667
206.0,7061.0,AOP,Rouge,65,Hautes-Pyrénées,43.2333,0.0833
14440.0,205710.0,AOP,Rouge,66,Pyrénées-Orientales,42.6833,2.895
6705.0,4242.0,AOP,Rouge,67,Bas-Rhin,48.5833,7.75
8978.0,7365.0,AOP,Rouge,68,Haut-Rhin,47.8667,7.3667
15539.0,729246.0,AOP,Rouge,69,Rhône,45.75,4.8333
,0.0,AOP,Rouge,70,Haute-Saône,47.6333,6.0833
12911.0,220073.0,AOP,Rouge,71,Saône-et-Loire,46.5833,4.8333
147.0,1360.0,AOP,Rouge,72,Sarthe,48.0,0.2
1726.0,26415.0,AOP,Rouge,73,Savoie,45.5667,6.3
147.0,709.0,AOP,Rouge,74,Haute-Savoie,46.0,6.3333
30.0,0.0,AOP,Rouge,77,Seine-et-Marne,48.6,2.95
696.0,2023.0,AOP,Rouge,79,Deux-Sèvres,46.5,-0.3333
2828.0,82241.0,AOP,Rouge,81,Tarn,43.9333,2.15
697.0,21010.0,AOP,Rouge,82,Tarn-et-Garonne,44.0167,1.35
22044.0,55590.0,AOP,Rouge,83,Var,43.4167,6.2667
35728.0,966732.0,AOP,Rouge,84,Vaucluse,44.05,5.05
526.0,8787.0,AOP,Rouge,85,Vendée,46.6667,-1.4333
547.0,4046.0,AOP,Rouge,86,Vienne,46.5833,0.3333
,0.0,AOP,Rouge,87,Haute-Vienne,45.8333,1.25
,0.0,AOP,Rouge,88,Vosges,48.1667,6.45
7712.0,38606.0,AOP,Rouge,89,Yonne,47.8,3.5667
,0.0,AOP,Rouge,95,Val-d'Oise,49.0833,2.1333
519.0,13851.0,AOP,Rosé,01,Ain,46.0667,5.45
2486.0,0.0,AOP,Rosé,02,Aisne,49.5,3.5
546.0,3289.0,AOP,Rosé,03,Allier,46.3667,3.1667
255.0,6705.0,AOP,Rosé,04,Alpes-de-Haute-Provence,44.0833,6.2333
,0.0,AOP,Rosé,05,Hautes-Alpes,44.6667,6.5
51.0,178.0,AOP,Rosé,06,Alpes-Maritimes,43.7,7.25
2748.0,7100.0,AOP,Rosé,07,Ardèche,44.75,4.4
,0.0,AOP,Rosé,09,Ariège,43.0,1.5
7166.0,0.0,AOP,Rosé,10,Aube,48.3,4.0833
19491.0,123751.0,AOP,Rosé,11,Aude,43.2167,2.35
309.0,1984.0,AOP,Rosé,12,Aveyron,44.35,2.575
6944.0,299912.0,AOP,Rosé,13,Bouches-du-Rhône,43.3,5.4
,0.0,AOP,Rosé,14,Calvados,49.1833,-0.35
2.0,19.0,AOP,Rosé,15,Cantal,45.0333,2.6667
109.0,2497.0,AOP,Rosé,16,Charente,45.65,0.15
849.0,28148.0,AOP,Rosé,17,Charente-Maritime,45.75,-0.6333
4206.0,17172.0,AOP,Rosé,18,Cher,47.0833,2.4
24.0,0.0,AOP,Rosé,19,Corrèze,45.2667,1.7667
9439.0,2365.0,AOP,Rosé,21,Côte-d'Or,47.3167,4.9833
,0.0,AOP,Rosé,23,Creuse,46.0333,2.0667
10239.0,53937.0,AOP,Rosé,24,Dordogne,45.1833,0.7167
,0.0,AOP,Rosé,25,Doubs,47.2333,6.0167
13635.0,41924.0,AOP,Rosé,26,Drôme,44.7333,5.2167
707.0,7894.0,AOP,Rosé,2A,Corse-du-Sud,41.8667,8.9833
2092.0,53290.0,AOP,Rosé,2B,Haute-Corse,42.4,9.5
19361.0,168192.0,AOP,Rosé,30,Gard,43.9333,4.45
756.0,13586.0,AOP,Rosé,31,Haute-Garonne,43.6,1.4333
1723.0,15565.0,AOP,Rosé,32,Gers,43.65,0.5833
112633.0,224209.0,AOP,Rosé,33,Gironde,44.8333,-0.5667
16804.0,146330.0,AOP,Rosé,34,Hérault,43.6167,3.8767
343.0,3376.0,AOP,Rosé,36,Indre,46.8,1.7167
8967.0,38131.0,AOP,Rosé,37,Indre-et-Loire,47.3833,0.6833
155.0,126.0,AOP,Rosé,38,Isère,45.1667,5.7167
1976.0,4011.0,AOP,Rosé,39,Jura,46.6667,5.55
298.0,4657.0,AOP,Rosé,40,Landes,43.8833,-0.5
4844.0,41223.0,AOP,Rosé,41,Loir-et-Cher,47.5833,1.3333
628.0,1301.0,AOP,Rosé,42,Loire,45.7333,4.2833
,0.0,AOP,Rosé,43,Haute-Loire,45.0333,3.8833
7482.0,1712.0,AOP,Rosé,44,Loire-Atlantique,47.2167,-1.55
99.0,475.0,AOP,Rosé,45,Loiret,47.9,2.2
3375.0,1622.0,AOP,Rosé,46,Lot,44.6167,1.6
4357.0,49793.0,AOP,Rosé,47,Lot-et-Garonne,44.2,0.6333
,0.0,AOP,Rosé,48,Lozère,44.5167,3.5
17266.0,496118.0,AOP,Rosé,49,Maine-et-Loire,47.4667,-0.55
23824.0,0.0,AOP,Rosé,51,Marne,48.95,4.3667
48.0,0.0,AOP,Rosé,52,Haute-Marne,48.1167,5.1333
,0.0,AOP,Rosé,53,Mayenne,48.0667,-0.7667
78.0,2354.0,AOP,Rosé,54,Meurthe-et-Moselle,48.6833,6.2
,0.0,AOP,Rosé,55,Meuse,48.7667,5.5667
51.0,163.0,AOP,Rosé,57,Moselle,49.1333,6.1667
1419.0,773.0,AOP,Rosé,58,Nièvre,47.0833,3.5
,0.0,AOP,Rosé,62,Pas-de-Calais,50.5333,2.3333
278.0,2108.0,AOP,Rosé,63,Puy-de-Dôme,45.7833,3.0833
2374.0,4923.0,AOP,Rosé,64,Pyrénées-Atlantiques,43.3,-0.3667
206.0,202.0,AOP,Rosé,65,Hautes-Pyrénées,43.2333,0.0833
14440.0,126330.0,AOP,Rosé,66,Pyrénées-Orientales,42.6833,2.895
6705.0,26102.0,AOP,Rosé,67,Bas-Rhin,48.5833,7.75
8978.0,37949.0,AOP,Rosé,68,Haut-Rhin,47.8667,7.3667
15539.0,23486.0,AOP,Rosé,69,Rhône,45.75,4.8333
,0.0,AOP,Rosé,70,Haute-Saône,47.6333,6.0833
12911.0,4642.0,AOP,Rosé,71,Saône-et-Loire,46.5833,4.8333
147.0,634.0,AOP,Rosé,72,Sarthe,48.0,0.2
1726.0,7039.0,AOP,Rosé,73,Savoie,45.5667,6.3
147.0,180.0,AOP,Rosé,74,Haute-Savoie,46.0,6.3333
30.0,0.0,AOP,Rosé,77,Seine-et-Marne,48.6,2.95
696.0,28433.0,AOP,Rosé,79,Deux-Sèvres,46.5,-0.3333
2828.0,22911.0,AOP,Rosé,81,Tarn,43.9333,2.15
697.0,12908.0,AOP,Rosé,82,Tarn-et-Garonne,44.0167,1.35
22044.0,869661.0,AOP,Rosé,83,Var,43.4167,6.2667
35728.0,217255.0,AOP,Rosé,84,Vaucluse,44.05,5.05
526.0,9136.0,AOP,Rosé,85,Vendée,46.6667,-1.4333
547.0,11335.0,AOP,Rosé,86,Vienne,46.5833,0.3333
,0.0,AOP,Rosé,87,Haute-Vienne,45.8333,1.25
,0.0,AOP,Rosé,88,Vosges,48.1667,6.45
7712.0,3927.0,AOP,Rosé,89,Yonne,47.8,3.5667
,0.0,AOP,Rosé,95,Val-d'Oise,49.0833,2.1333
36.0,1446.0,IGP,Blanc,01,Ain,46.0667,5.45
,0.0,IGP,Blanc,02,Aisne,49.5,3.5
22.0,811.0,IGP,Blanc,03,Allier,46.3667,3.1667
387.0,2921.0,IGP,Blanc,04,Alpes-de-Haute-Provence,44.0833,6.2333
109.0,1474.0,IGP,Blanc,05,Hautes-Alpes,44.6667,6.5
27.0,196.0,IGP,Blanc,06,Alpes-Maritimes,43.7,7.25
7000.0,91248.0,IGP,Blanc,07,Ardèche,44.75,4.4
61.0,99.0,IGP,Blanc,09,Ariège,43.0,1.5
,0.0,IGP,Blanc,10,Aube,48.3,4.0833
41444.0,580588.0,IGP,Blanc,11,Aude,43.2167,2.35
54.0,342.0,IGP,Blanc,12,Aveyron,44.35,2.575
3448.0,18350.0,IGP,Blanc,13,Bouches-du-Rhône,43.3,5.4
7.0,104.0,IGP,Blanc,14,Calvados,49.1833,-0.35
7.0,83.0,IGP,Blanc,15,Cantal,45.0333,2.6667
395.0,5074.0,IGP,Blanc,16,Charente,45.65,0.15
1200.0,28654.0,IGP,Blanc,17,Charente-Maritime,45.75,-0.6333
53.0,2083.0,IGP,Blanc,18,Cher,47.0833,2.4
44.0,259.0,IGP,Blanc,19,Corrèze,45.2667,1.7667
27.0,704.0,IGP,Blanc,21,Côte-d'Or,47.3167,4.9833
,0.0,IGP,Blanc,23,Creuse,46.0333,2.0667
414.0,7513.0,IGP,Blanc,24,Dordogne,45.1833,0.7167
11.0,322.0,IGP,Blanc,25,Doubs,47.2333,6.0167
2035.0,16934.0,IGP,Blanc,26,Drôme,44.7333,5.2167
92.0,1149.0,IGP,Blanc,2A,Corse-du-Sud,41.8667,8.9833
2674.0,26045.0,IGP,Blanc,2B,Haute-Corse,42.4,9.5
30976.0,377762.0,IGP,Blanc,30,Gard,43.9333,4.45
518.0,537.0,IGP,Blanc,31,Haute-Garonne,43.6,1.4333
11739.0,902364.0,IGP,Blanc,32,Gers,43.65,0.5833
255.0,5942.0,IGP,Blanc,33,Gironde,44.8333,-0.5667
58733.0,1009248.0,IGP,Blanc,34,Hérault,43.6167,3.8767
84.0,4023.0,IGP,Blanc,36,Indre,46.8,1.7167
119.0,3277.0,IGP,Blanc,37,Indre-et-Loire,47.3833,0.6833
85.0,1543.0,IGP,Blanc,38,Isère,45.1667,5.7167
12.0,566.0,IGP,Blanc,39,Jura,46.6667,5.55
653.0,33368.0,IGP,Blanc,40,Landes,43.8833,-0.5
730.0,38286.0,IGP,Blanc,41,Loir-et-Cher,47.5833,1.3333
233.0,5597.0,IGP,Blanc,42,Loire,45.7333,4.2833
,0.0,IGP,Blanc,43,Haute-Loire,45.0333,3.8833
1470.0,73575.0,IGP,Blanc,44,Loire-Atlantique,47.2167,-1.55
2.0,51.0,IGP,Blanc,45,Loiret,47.9,2.2
1178.0,4922.0,IGP,Blanc,46,Lot,44.6167,1.6
917.0,50764.0,IGP,Blanc,47,Lot-et-Garonne,44.2,0.6333
9.0,73.0,IGP,Blanc,48,Lozère,44.5167,3.5
1010.0,53419.0,IGP,Blanc,49,Maine-et-Loire,47.4667,-0.55
,0.0,IGP,Blanc,51,Marne,48.95,4.3667
30.0,874.0,IGP,Blanc,52,Haute-Marne,48.1167,5.1333
,0.0,IGP,Blanc,53,Mayenne,48.0667,-0.7667
,0.0,IGP,Blanc,54,Meurthe-et-Moselle,48.6833,6.2
29.0,922.0,IGP,Blanc,55,Meuse,48.7667,5.5667
,0.0,IGP,Blanc,57,Moselle,49.1333,6.1667
101.0,3580.0,IGP,Blanc,58,Nièvre,47.0833,3.5
,0.0,IGP,Blanc,62,Pas-de-Calais,50.5333,2.3333
72.0,693.0,IGP,Blanc,63,Puy-de-Dôme,45.7833,3.0833
46.0,686.0,IGP,Blanc,64,Pyrénées-Atlantiques,43.3,-0.3667
21.0,549.0,IGP,Blanc,65,Hautes-Pyrénées,43.2333,0.0833
5696.0,79357.0,IGP,Blanc,66,Pyrénées-Orientales,42.6833,2.895
,0.0,IGP,Blanc,67,Bas-Rhin,48.5833,7.75
,0.0,IGP,Blanc,68,Haut-Rhin,47.8667,7.3667
130.0,2074.0,IGP,Blanc,69,Rhône,45.75,4.8333
76.0,2191.0,IGP,Blanc,70,Haute-Saône,47.6333,6.0833
22.0,299.0,IGP,Blanc,71,Saône-et-Loire,46.5833,4.8333
9.0,67.0,IGP,Blanc,72,Sarthe,48.0,0.2
96.0,4804.0,IGP,Blanc,73,Savoie,45.5667,6.3
11.0,541.0,IGP,Blanc,74,Haute-Savoie,46.0,6.3333
,0.0,IGP,Blanc,77,Seine-et-Marne,48.6,2.95
39.0,2475.0,IGP,Blanc,79,Deux-Sèvres,46.5,-0.3333
2854.0,55323.0,IGP,Blanc,81,Tarn,43.9333,2.15
608.0,2071.0,IGP,Blanc,82,Tarn-et-Garonne,44.0167,1.35
5458.0,20073.0,IGP,Blanc,83,Var,43.4167,6.2667
9052.0,60290.0,IGP,Blanc,84,Vaucluse,44.05,5.05
296.0,6543.0,IGP,Blanc,85,Vendée,46.6667,-1.4333
420.0,19981.0,IGP,Blanc,86,Vienne,46.5833,0.3333
6.0,34.0,IGP,Blanc,87,Haute-Vienne,45.8333,1.25
,0.0,IGP,Blanc,88,Vosges,48.1667,6.45
17.0,834.0,IGP,Blanc,89,Yonne,47.8,3.5667
,0.0,IGP,Blanc,95,Val-d'Oise,49.0833,2.1333
36.0,140.0,IGP,RougeI,01,Ain,46.0667,5.45
,0.0,IGP,RougeI,02,Aisne,49.5,3.5
22.0,336.0,IGP,RougeI,03,Allier,46.3667,3.1667
387.0,5297.0,IGP,RougeI,04,Alpes-de-Haute-Provence,44.0833,6.2333
109.0,2167.0,IGP,RougeI,05,Hautes-Alpes,44.6667,6.5
27.0,587.0,IGP,RougeI,06,Alpes-Maritimes,43.7,7.25
7000.0,156488.0,IGP,RougeI,07,Ardèche,44.75,4.4
61.0,741.0,IGP,RougeI,09,Ariège,43.0,1.5
,0.0,IGP,RougeI,10,Aube,48.3,4.0833
41444.0,1577968.0,IGP,RougeI,11,Aude,43.2167,2.35
54.0,964.0,IGP,RougeI,12,Aveyron,44.35,2.575
3448.0,48383.0,IGP,RougeI,13,Bouches-du-Rhône,43.3,5.4
7.0,112.0,IGP,RougeI,14,Calvados,49.1833,-0.35
7.0,121.0,IGP,RougeI,15,Cantal,45.0333,2.6667
395.0,14137.0,IGP,RougeI,16,Charente,45.65,0.15
1200.0,48275.0,IGP,RougeI,17,Charente-Maritime,45.75,-0.6333
53.0,787.0,IGP,RougeI,18,Cher,47.0833,2.4
44.0,1046.0,IGP,RougeI,19,Corrèze,45.2667,1.7667
27.0,585.0,IGP,RougeI,21,Côte-d'Or,47.3167,4.9833
,0.0,IGP,RougeI,23,Creuse,46.0333,2.0667
414.0,17074.0,IGP,RougeI,24,Dordogne,45.1833,0.7167
11.0,72.0,IGP,RougeI,25,Doubs,47.2333,6.0167
2035.0,57546.0,IGP,RougeI,26,Drôme,44.7333,5.2167
92.0,2997.0,IGP,RougeI,2A,Corse-du-Sud,41.8667,8.9833
2674.0,33097.0,IGP,RougeI,2B,Haute-Corse,42.4,9.5
30976.0,893082.0,IGP,RougeI,30,Gard,43.9333,4.45
518.0,10947.0,IGP,RougeI,31,Haute-Garonne,43.6,1.4333
11739.0,66166.0,IGP,RougeI,32,Gers,43.65,0.5833
255.0,10216.0,IGP,RougeI,33,Gironde,44.8333,-0.5667
58733.0,1746348.0,IGP,RougeI,34,Hérault,43.6167,3.8767
84.0,2129.0,IGP,RougeI,36,Indre,46.8,1.7167
119.0,3028.0,IGP,RougeI,37,Indre-et-Loire,47.3833,0.6833
85.0,2130.0,IGP,RougeI,38,Isère,45.1667,5.7167
12.0,167.0,IGP,RougeI,39,Jura,46.6667,5.55
653.0,4899.0,IGP,RougeI,40,Landes,43.8833,-0.5
730.0,11532.0,IGP,RougeI,41,Loir-et-Cher,47.5833,1.3333
233.0,4465.0,IGP,RougeI,42,Loire,45.7333,4.2833
,0.0,IGP,RougeI,43,Haute-Loire,45.0333,3.8833
1470.0,19836.0,IGP,RougeI,44,Loire-Atlantique,47.2167,-1.55
2.0,94.0,IGP,RougeI,45,Loiret,47.9,2.2
1178.0,68191.0,IGP,RougeI,46,Lot,44.6167,1.6
917.0,21044.0,IGP,RougeI,47,Lot-et-Garonne,44.2,0.6333
9.0,128.0,IGP,RougeI,48,Lozère,44.5167,3.5
1010.0,13673.0,IGP,RougeI,49,Maine-et-Loire,47.4667,-0.55
,0.0,IGP,RougeI,51,Marne,48.95,4.3667
30.0,883.0,IGP,RougeI,52,Haute-Marne,48.1167,5.1333
,0.0,IGP,RougeI,53,Mayenne,48.0667,-0.7667
,0.0,IGP,RougeI,54,Meurthe-et-Moselle,48.6833,6.2
29.0,405.0,IGP,RougeI,55,Meuse,48.7667,5.5667
,0.0,IGP,RougeI,57,Moselle,49.1333,6.1667
101.0,1334.0,IGP,RougeI,58,Nièvre,47.0833,3.5
,0.0,IGP,RougeI,62,Pas-de-Calais,50.5333,2.3333
72.0,2439.0,IGP,RougeI,63,Puy-de-Dôme,45.7833,3.0833
46.0,1172.0,IGP,RougeI,64,Pyrénées-Atlantiques,43.3,-0.3667
21.0,401.0,IGP,RougeI,65,Hautes-Pyrénées,43.2333,0.0833
5696.0,113684.0,IGP,RougeI,66,Pyrénées-Orientales,42.6833,2.895
,0.0,IGP,RougeI,67,Bas-Rhin,48.5833,7.75
,0.0,IGP,RougeI,68,Haut-Rhin,47.8667,7.3667
130.0,3480.0,IGP,RougeI,69,Rhône,45.75,4.8333
76.0,1611.0,IGP,RougeI,70,Haute-Saône,47.6333,6.0833
22.0,293.0,IGP,RougeI,71,Saône-et-Loire,46.5833,4.8333
9.0,297.0,IGP,RougeI,72,Sarthe,48.0,0.2
96.0,1288.0,IGP,RougeI,73,Savoie,45.5667,6.3
11.0,60.0,IGP,RougeI,74,Haute-Savoie,46.0,6.3333
,0.0,IGP,RougeI,77,Seine-et-Marne,48.6,2.95
39.0,383.0,IGP,RougeI,79,Deux-Sèvres,46.5,-0.3333
2854.0,122989.0,IGP,RougeI,81,Tarn,43.9333,2.15
608.0,21090.0,IGP,RougeI,82,Tarn-et-Garonne,44.0167,1.35
5458.0,37545.0,IGP,RougeI,83,Var,43.4167,6.2667
9052.0,151111.0,IGP,RougeI,84,Vaucluse,44.05,5.05
296.0,5967.0,IGP,RougeI,85,Vendée,46.6667,-1.4333
420.0,4809.0,IGP,RougeI,86,Vienne,46.5833,0.3333
6.0,52.0,IGP,RougeI,87,Haute-Vienne,45.8333,1.25
,0.0,IGP,RougeI,88,Vosges,48.1667,6.45
17.0,125.0,IGP,RougeI,89,Yonne,47.8,3.5667
,0.0,IGP,RougeI,95,Val-d'Oise,49.0833,2.1333
36.0,153.0,IGP,Rosé,01,Ain,46.0667,5.45
,0.0,IGP,Rosé,02,Aisne,49.5,3.5
22.0,24.0,IGP,Rosé,03,Allier,46.3667,3.1667
387.0,14792.0,IGP,Rosé,04,Alpes-de-Haute-Provence,44.0833,6.2333
109.0,1351.0,IGP,Rosé,05,Hautes-Alpes,44.6667,6.5
27.0,159.0,IGP,Rosé,06,Alpes-Maritimes,43.7,7.25
7000.0,165502.0,IGP,Rosé,07,Ardèche,44.75,4.4
61.0,254.0,IGP,Rosé,09,Ariège,43.0,1.5
,0.0,IGP,Rosé,10,Aube,48.3,4.0833
41444.0,316115.0,IGP,Rosé,11,Aude,43.2167,2.35
54.0,148.0,IGP,Rosé,12,Aveyron,44.35,2.575
3448.0,216591.0,IGP,Rosé,13,Bouches-du-Rhône,43.3,5.4
7.0,0.0,IGP,Rosé,14,Calvados,49.1833,-0.35
7.0,7.0,IGP,Rosé,15,Cantal,45.0333,2.6667
395.0,1327.0,IGP,Rosé,16,Charente,45.65,0.15
1200.0,8294.0,IGP,Rosé,17,Charente-Maritime,45.75,-0.6333
53.0,522.0,IGP,Rosé,18,Cher,47.0833,2.4
44.0,503.0,IGP,Rosé,19,Corrèze,45.2667,1.7667
27.0,92.0,IGP,Rosé,21,Côte-d'Or,47.3167,4.9833
,0.0,IGP,Rosé,23,Creuse,46.0333,2.0667
414.0,5912.0,IGP,Rosé,24,Dordogne,45.1833,0.7167
11.0,20.0,IGP,Rosé,25,Doubs,47.2333,6.0167
2035.0,35956.0,IGP,Rosé,26,Drôme,44.7333,5.2167
92.0,2931.0,IGP,Rosé,2A,Corse-du-Sud,41.8667,8.9833
2674.0,170238.0,IGP,Rosé,2B,Haute-Corse,42.4,9.5
30976.0,832780.0,IGP,Rosé,30,Gard,43.9333,4.45
518.0,19592.0,IGP,Rosé,31,Haute-Garonne,43.6,1.4333
11739.0,106562.0,IGP,Rosé,32,Gers,43.65,0.5833
255.0,5996.0,IGP,Rosé,33,Gironde,44.8333,-0.5667
58733.0,1092079.0,IGP,Rosé,34,Hérault,43.6167,3.8767
84.0,514.0,IGP,Rosé,36,Indre,46.8,1.7167
119.0,1565.0,IGP,Rosé,37,Indre-et-Loire,47.3833,0.6833
85.0,158.0,IGP,Rosé,38,Isère,45.1667,5.7167
12.0,0.0,IGP,Rosé,39,Jura,46.6667,5.55
653.0,7190.0,IGP,Rosé,40,Landes,43.8833,-0.5
730.0,5577.0,IGP,Rosé,41,Loir-et-Cher,47.5833,1.3333
233.0,2428.0,IGP,Rosé,42,Loire,45.7333,4.2833
,0.0,IGP,Rosé,43,Haute-Loire,45.0333,3.8833
1470.0,26407.0,IGP,Rosé,44,Loire-Atlantique,47.2167,-1.55
2.0,0.0,IGP,Rosé,45,Loiret,47.9,2.2
1178.0,19654.0,IGP,Rosé,46,Lot,44.6167,1.6
917.0,11421.0,IGP,Rosé,47,Lot-et-Garonne,44.2,0.6333
9.0,36.0,IGP,Rosé,48,Lozère,44.5167,3.5
1010.0,11508.0,IGP,Rosé,49,Maine-et-Loire,47.4667,-0.55
,0.0,IGP,Rosé,51,Marne,48.95,4.3667
30.0,172.0,IGP,Rosé,52,Haute-Marne,48.1167,5.1333
,0.0,IGP,Rosé,53,Mayenne,48.0667,-0.7667
,0.0,IGP,Rosé,54,Meurthe-et-Moselle,48.6833,6.2
29.0,434.0,IGP,Rosé,55,Meuse,48.7667,5.5667
,0.0,IGP,Rosé,57,Moselle,49.1333,6.1667
101.0,572.0,IGP,Rosé,58,Nièvre,47.0833,3.5
,0.0,IGP,Rosé,62,Pas-de-Calais,50.5333,2.3333
72.0,439.0,IGP,Rosé,63,Puy-de-Dôme,45.7833,3.0833
46.0,58.0,IGP,Rosé,64,Pyrénées-Atlantiques,43.3,-0.3667
21.0,288.0,IGP,Rosé,65,Hautes-Pyrénées,43.2333,0.0833
5696.0,85512.0,IGP,Rosé,66,Pyrénées-Orientales,42.6833,2.895
,0.0,IGP,Rosé,67,Bas-Rhin,48.5833,7.75
,0.0,IGP,Rosé,68,Haut-Rhin,47.8667,7.3667
130.0,1190.0,IGP,Rosé,69,Rhône,45.75,4.8333
76.0,182.0,IGP,Rosé,70,Haute-Saône,47.6333,6.0833
22.0,74.0,IGP,Rosé,71,Saône-et-Loire,46.5833,4.8333
9.0,104.0,IGP,Rosé,72,Sarthe,48.0,0.2
96.0,414.0,IGP,Rosé,73,Savoie,45.5667,6.3
11.0,26.0,IGP,Rosé,74,Haute-Savoie,46.0,6.3333
,0.0,IGP,Rosé,77,Seine-et-Marne,48.6,2.95
39.0,527.0,IGP,Rosé,79,Deux-Sèvres,46.5,-0.3333
2854.0,54071.0,IGP,Rosé,81,Tarn,43.9333,2.15
608.0,20335.0,IGP,Rosé,82,Tarn-et-Garonne,44.0167,1.35
5458.0,188589.0,IGP,Rosé,83,Var,43.4167,6.2667
9052.0,278932.0,IGP,Rosé,84,Vaucluse,44.05,5.05
296.0,7048.0,IGP,Rosé,85,Vendée,46.6667,-1.4333
420.0,4877.0,IGP,Rosé,86,Vienne,46.5833,0.3333
6.0,128.0,IGP,Rosé,87,Haute-Vienne,45.8333,1.25
,0.0,IGP,Rosé,88,Vosges,48.1667,6.45
17.0,26.0,IGP,Rosé,89,Yonne,47.8,3.5667
,0.0,IGP,Rosé,95,Val-d'Oise,49.0833,2.1333
180.0,5039.0,VSIG,Blanc,01,Ain,46.0667,5.45
5.0,411.0,VSIG,Blanc,02,Aisne,49.5,3.5
31.0,604.0,VSIG,Blanc,03,Allier,46.3667,3.1667
53.0,398.0,VSIG,Blanc,04,Alpes-de-Haute-Provence,44.0833,6.2333
3.0,73.0,VSIG,Blanc,05,Hautes-Alpes,44.6667,6.5
0.0,0.0,VSIG,Blanc,06,Alpes-Maritimes,43.7,7.25
483.0,14078.0,VSIG,Blanc,07,Ardèche,44.75,4.4
4.0,5.0,VSIG,Blanc,09,Ariège,43.0,1.5
0.0,4.0,VSIG,Blanc,10,Aube,48.3,4.0833
3284.0,48691.0,VSIG,Blanc,11,Aude,43.2167,2.35
37.0,70.0,VSIG,Blanc,12,Aveyron,44.35,2.575
203.0,1907.0,VSIG,Blanc,13,Bouches-du-Rhône,43.3,5.4
0.0,4.0,VSIG,Blanc,14,Calvados,49.1833,-0.35
0.0,5.0,VSIG,Blanc,15,Cantal,45.0333,2.6667
436.0,16459.0,VSIG,Blanc,16,Charente,45.65,0.15
809.0,57680.0,VSIG,Blanc,17,Charente-Maritime,45.75,-0.6333
26.0,531.0,VSIG,Blanc,18,Cher,47.0833,2.4
6.0,9.0,VSIG,Blanc,19,Corrèze,45.2667,1.7667
54.0,1321.0,VSIG,Blanc,21,Côte-d'Or,47.3167,4.9833
1.0,5.0,VSIG,Blanc,23,Creuse,46.0333,2.0667
437.0,11522.0,VSIG,Blanc,24,Dordogne,45.1833,0.7167
5.0,184.0,VSIG,Blanc,25,Doubs,47.2333,6.0167
245.0,1691.0,VSIG,Blanc,26,Drôme,44.7333,5.2167
106.0,972.0,VSIG,Blanc,2A,Corse-du-Sud,41.8667,8.9833
213.0,9151.0,VSIG,Blanc,2B,Haute-Corse,42.4,9.5
2657.0,36938.0,VSIG,Blanc,30,Gard,43.9333,4.45
49.0,214.0,VSIG,Blanc,31,Haute-Garonne,43.6,1.4333
3904.0,552495.0,VSIG,Blanc,32,Gers,43.65,0.5833
1727.0,25578.0,VSIG,Blanc,33,Gironde,44.8333,-0.5667
5154.0,97970.0,VSIG,Blanc,34,Hérault,43.6167,3.8767
108.0,1916.0,VSIG,Blanc,36,Indre,46.8,1.7167
601.0,19209.0,VSIG,Blanc,37,Indre-et-Loire,47.3833,0.6833
44.0,1762.0,VSIG,Blanc,38,Isère,45.1667,5.7167
63.0,1803.0,VSIG,Blanc,39,Jura,46.6667,5.55
314.0,36164.0,VSIG,Blanc,40,Landes,43.8833,-0.5
953.0,31997.0,VSIG,Blanc,41,Loir-et-Cher,47.5833,1.3333
87.0,1928.0,VSIG,Blanc,42,Loire,45.7333,4.2833
2.0,9.0,VSIG,Blanc,43,Haute-Loire,45.0333,3.8833
1862.0,162627.0,VSIG,Blanc,44,Loire-Atlantique,47.2167,-1.55
15.0,94.0,VSIG,Blanc,45,Loiret,47.9,2.2
294.0,739.0,VSIG,Blanc,46,Lot,44.6167,1.6
616.0,35312.0,VSIG,Blanc,47,Lot-et-Garonne,44.2,0.6333
1.0,11.0,VSIG,Blanc,48,Lozère,44.5167,3.5
1183.0,45207.0,VSIG,Blanc,49,Maine-et-Loire,47.4667,-0.55
,0.0,VSIG,Blanc,51,Marne,48.95,4.3667
13.0,792.0,VSIG,Blanc,52,Haute-Marne,48.1167,5.1333
1.0,34.0,VSIG,Blanc,53,Mayenne,48.0667,-0.7667
31.0,874.0,VSIG,Blanc,54,Meurthe-et-Moselle,48.6833,6.2
12.0,813.0,VSIG,Blanc,55,Meuse,48.7667,5.5667
45.0,1751.0,VSIG,Blanc,57,Moselle,49.1333,6.1667
12.0,196.0,VSIG,Blanc,58,Nièvre,47.0833,3.5
0.0,7.0,VSIG,Blanc,62,Pas-de-Calais,50.5333,2.3333
55.0,363.0,VSIG,Blanc,63,Puy-de-Dôme,45.7833,3.0833
79.0,735.0,VSIG,Blanc,64,Pyrénées-Atlantiques,43.3,-0.3667
10.0,4.0,VSIG,Blanc,65,Hautes-Pyrénées,43.2333,0.0833
948.0,7787.0,VSIG,Blanc,66,Pyrénées-Orientales,42.6833,2.895
14.0,1033.0,VSIG,Blanc,67,Bas-Rhin,48.5833,7.75
16.0,1335.0,VSIG,Blanc,68,Haut-Rhin,47.8667,7.3667
373.0,4659.0,VSIG,Blanc,69,Rhône,45.75,4.8333
10.0,279.0,VSIG,Blanc,70,Haute-Saône,47.6333,6.0833
82.0,3087.0,VSIG,Blanc,71,Saône-et-Loire,46.5833,4.8333
34.0,524.0,VSIG,Blanc,72,Sarthe,48.0,0.2
123.0,5948.0,VSIG,Blanc,73,Savoie,45.5667,6.3
75.0,3409.0,VSIG,Blanc,74,Haute-Savoie,46.0,6.3333
,0.0,VSIG,Blanc,77,Seine-et-Marne,48.6,2.95
28.0,1210.0,VSIG,Blanc,79,Deux-Sèvres,46.5,-0.3333
807.0,17830.0,VSIG,Blanc,81,Tarn,43.9333,2.15
176.0,558.0,VSIG,Blanc,82,Tarn-et-Garonne,44.0167,1.35
333.0,1377.0,VSIG,Blanc,83,Var,43.4167,6.2667
1124.0,8496.0,VSIG,Blanc,84,Vaucluse,44.05,5.05
102.0,3101.0,VSIG,Blanc,85,Vendée,46.6667,-1.4333
142.0,3069.0,VSIG,Blanc,86,Vienne,46.5833,0.3333
1.0,13.0,VSIG,Blanc,87,Haute-Vienne,45.8333,1.25
5.0,0.0,VSIG,Blanc,88,Vosges,48.1667,6.45
34.0,1015.0,VSIG,Blanc,89,Yonne,47.8,3.5667
0.0,2.0,VSIG,Blanc,95,Val-d'Oise,49.0833,2.1333
180.0,2138.0,VSIG,Rouge,01,Ain,46.0667,5.45
5.0,0.0,VSIG,Rouge,02,Aisne,49.5,3.5
31.0,304.0,VSIG,Rouge,03,Allier,46.3667,3.1667
53.0,711.0,VSIG,Rouge,04,Alpes-de-Haute-Provence,44.0833,6.2333
3.0,23.0,VSIG,Rouge,05,Hautes-Alpes,44.6667,6.5
0.0,2.0,VSIG,Rouge,06,Alpes-Maritimes,43.7,7.25
483.0,9983.0,VSIG,Rouge,07,Ardèche,44.75,4.4
4.0,42.0,VSIG,Rouge,09,Ariège,43.0,1.5
0.0,0.0,VSIG,Rouge,10,Aube,48.3,4.0833
3284.0,172410.0,VSIG,Rouge,11,Aude,43.2167,2.35
37.0,581.0,VSIG,Rouge,12,Aveyron,44.35,2.575
203.0,4497.0,VSIG,Rouge,13,Bouches-du-Rhône,43.3,5.4
0.0,0.0,VSIG,Rouge,14,Calvados,49.1833,-0.35
0.0,0.0,VSIG,Rouge,15,Cantal,45.0333,2.6667
436.0,11621.0,VSIG,Rouge,16,Charente,45.65,0.15
809.0,22310.0,VSIG,Rouge,17,Charente-Maritime,45.75,-0.6333
26.0,451.0,VSIG,Rouge,18,Cher,47.0833,2.4
6.0,135.0,VSIG,Rouge,19,Corrèze,45.2667,1.7667
54.0,995.0,VSIG,Rouge,21,Côte-d'Or,47.3167,4.9833
1.0,8.0,VSIG,Rouge,23,Creuse,46.0333,2.0667
437.0,10295.0,VSIG,Rouge,24,Dordogne,45.1833,0.7167
5.0,35.0,VSIG,Rouge,25,Doubs,47.2333,6.0167
245.0,3598.0,VSIG,Rouge,26,Drôme,44.7333,5.2167
106.0,1651.0,VSIG,Rouge,2A,Corse-du-Sud,41.8667,8.9833
213.0,2991.0,VSIG,Rouge,2B,Haute-Corse,42.4,9.5
2657.0,140199.0,VSIG,Rouge,30,Gard,43.9333,4.45
49.0,1574.0,VSIG,Rouge,31,Haute-Garonne,43.6,1.4333
3904.0,7251.0,VSIG,Rouge,32,Gers,43.65,0.5833
1727.0,59935.0,VSIG,Rouge,33,Gironde,44.8333,-0.5667
5154.0,280042.0,VSIG,Rouge,34,Hérault,43.6167,3.8767
108.0,3193.0,VSIG,Rouge,36,Indre,46.8,1.7167
601.0,10247.0,VSIG,Rouge,37,Indre-et-Loire,47.3833,0.6833
44.0,491.0,VSIG,Rouge,38,Isère,45.1667,5.7167
63.0,1345.0,VSIG,Rouge,39,Jura,46.6667,5.55
314.0,521.0,VSIG,Rouge,40,Landes,43.8833,-0.5
953.0,13685.0,VSIG,Rouge,41,Loir-et-Cher,47.5833,1.3333
87.0,1549.0,VSIG,Rouge,42,Loire,45.7333,4.2833
2.0,11.0,VSIG,Rouge,43,Haute-Loire,45.0333,3.8833
1862.0,17260.0,VSIG,Rouge,44,Loire-Atlantique,47.2167,-1.55
15.0,420.0,VSIG,Rouge,45,Loiret,47.9,2.2
294.0,15489.0,VSIG,Rouge,46,Lot,44.6167,1.6
616.0,13741.0,VSIG,Rouge,47,Lot-et-Garonne,44.2,0.6333
1.0,3.0,VSIG,Rouge,48,Lozère,44.5167,3.5
1183.0,17008.0,VSIG,Rouge,49,Maine-et-Loire,47.4667,-0.55
,0.0,VSIG,Rouge,51,Marne,48.95,4.3667
13.0,69.0,VSIG,Rouge,52,Haute-Marne,48.1167,5.1333
1.0,0.0,VSIG,Rouge,53,Mayenne,48.0667,-0.7667
31.0,132.0,VSIG,Rouge,54,Meurthe-et-Moselle,48.6833,6.2
12.0,163.0,VSIG,Rouge,55,Meuse,48.7667,5.5667
45.0,166.0,VSIG,Rouge,57,Moselle,49.1333,6.1667
12.0,216.0,VSIG,Rouge,58,Nièvre,47.0833,3.5
0.0,0.0,VSIG,Rouge,62,Pas-de-Calais,50.5333,2.3333
55.0,1207.0,VSIG,Rouge,63,Puy-de-Dôme,45.7833,3.0833
79.0,1401.0,VSIG,Rouge,64,Pyrénées-Atlantiques,43.3,-0.3667
10.0,93.0,VSIG,Rouge,65,Hautes-Pyrénées,43.2333,0.0833
948.0,11697.0,VSIG,Rouge,66,Pyrénées-Orientales,42.6833,2.895
14.0,64.0,VSIG,Rouge,67,Bas-Rhin,48.5833,7.75
16.0,32.0,VSIG,Rouge,68,Haut-Rhin,47.8667,7.3667
373.0,17514.0,VSIG,Rouge,69,Rhône,45.75,4.8333
10.0,512.0,VSIG,Rouge,70,Haute-Saône,47.6333,6.0833
82.0,671.0,VSIG,Rouge,71,Saône-et-Loire,46.5833,4.8333
34.0,537.0,VSIG,Rouge,72,Sarthe,48.0,0.2
123.0,1226.0,VSIG,Rouge,73,Savoie,45.5667,6.3
75.0,2149.0,VSIG,Rouge,74,Haute-Savoie,46.0,6.3333
,0.0,VSIG,Rouge,77,Seine-et-Marne,48.6,2.95
28.0,315.0,VSIG,Rouge,79,Deux-Sèvres,46.5,-0.3333
807.0,30399.0,VSIG,Rouge,81,Tarn,43.9333,2.15
176.0,6173.0,VSIG,Rouge,82,Tarn-et-Garonne,44.0167,1.35
333.0,3241.0,VSIG,Rouge,83,Var,43.4167,6.2667
1124.0,21326.0,VSIG,Rouge,84,Vaucluse,44.05,5.05
102.0,1326.0,VSIG,Rouge,85,Vendée,46.6667,-1.4333
142.0,1726.0,VSIG,Rouge,86,Vienne,46.5833,0.3333
1.0,1.0,VSIG,Rouge,87,Haute-Vienne,45.8333,1.25
5.0,292.0,VSIG,Rouge,88,Vosges,48.1667,6.45
34.0,720.0,VSIG,Rouge,89,Yonne,47.8,3.5667
0.0,0.0,VSIG,Rouge,95,Val-d'Oise,49.0833,2.1333
180.0,6551.0,VSIG,Rosé,01,Ain,46.0667,5.45
5.0,0.0,VSIG,Rosé,02,Aisne,49.5,3.5
31.0,336.0,VSIG,Rosé,03,Allier,46.3667,3.1667
53.0,1807.0,VSIG,Rosé,04,Alpes-de-Haute-Provence,44.0833,6.2333
3.0,3.0,VSIG,Rosé,05,Hautes-Alpes,44.6667,6.5
0.0,0.0,VSIG,Rosé,06,Alpes-Maritimes,43.7,7.25
483.0,1115.0,VSIG,Rosé,07,Ardèche,44.75,4.4
4.0,0.0,VSIG,Rosé,09,Ariège,43.0,1.5
0.0,0.0,VSIG,Rosé,10,Aube,48.3,4.0833
3284.0,20678.0,VSIG,Rosé,11,Aude,43.2167,2.35
37.0,159.0,VSIG,Rosé,12,Aveyron,44.35,2.575
203.0,5108.0,VSIG,Rosé,13,Bouches-du-Rhône,43.3,5.4
0.0,0.0,VSIG,Rosé,14,Calvados,49.1833,-0.35
0.0,0.0,VSIG,Rosé,15,Cantal,45.0333,2.6667
436.0,661.0,VSIG,Rosé,16,Charente,45.65,0.15
809.0,1281.0,VSIG,Rosé,17,Charente-Maritime,45.75,-0.6333
26.0,521.0,VSIG,Rosé,18,Cher,47.0833,2.4
6.0,65.0,VSIG,Rosé,19,Corrèze,45.2667,1.7667
54.0,82.0,VSIG,Rosé,21,Côte-d'Or,47.3167,4.9833
1.0,0.0,VSIG,Rosé,23,Creuse,46.0333,2.0667
437.0,4453.0,VSIG,Rosé,24,Dordogne,45.1833,0.7167
5.0,7.0,VSIG,Rosé,25,Doubs,47.2333,6.0167
245.0,520.0,VSIG,Rosé,26,Drôme,44.7333,5.2167
106.0,1725.0,VSIG,Rosé,2A,Corse-du-Sud,41.8667,8.9833
213.0,6452.0,VSIG,Rosé,2B,Haute-Corse,42.4,9.5
2657.0,77806.0,VSIG,Rosé,30,Gard,43.9333,4.45
49.0,487.0,VSIG,Rosé,31,Haute-Garonne,43.6,1.4333
3904.0,23065.0,VSIG,Rosé,32,Gers,43.65,0.5833
1727.0,30036.0,VSIG,Rosé,33,Gironde,44.8333,-0.5667
5154.0,81800.0,VSIG,Rosé,34,Hérault,43.6167,3.8767
108.0,1981.0,VSIG,Rosé,36,Indre,46.8,1.7167
601.0,24491.0,VSIG,Rosé,37,Indre-et-Loire,47.3833,0.6833
44.0,278.0,VSIG,Rosé,38,Isère,45.1667,5.7167
63.0,117.0,VSIG,Rosé,39,Jura,46.6667,5.55
314.0,1110.0,VSIG,Rosé,40,Landes,43.8833,-0.5
953.0,22001.0,VSIG,Rosé,41,Loir-et-Cher,47.5833,1.3333
87.0,1039.0,VSIG,Rosé,42,Loire,45.7333,4.2833
2.0,12.0,VSIG,Rosé,43,Haute-Loire,45.0333,3.8833
1862.0,59332.0,VSIG,Rosé,44,Loire-Atlantique,47.2167,-1.55
15.0,50.0,VSIG,Rosé,45,Loiret,47.9,2.2
294.0,2510.0,VSIG,Rosé,46,Lot,44.6167,1.6
616.0,7563.0,VSIG,Rosé,47,Lot-et-Garonne,44.2,0.6333
1.0,0.0,VSIG,Rosé,48,Lozère,44.5167,3.5
1183.0,48660.0,VSIG,Rosé,49,Maine-et-Loire,47.4667,-0.55
,0.0,VSIG,Rosé,51,Marne,48.95,4.3667
13.0,50.0,VSIG,Rosé,52,Haute-Marne,48.1167,5.1333
1.0,9.0,VSIG,Rosé,53,Mayenne,48.0667,-0.7667
31.0,1137.0,VSIG,Rosé,54,Meurthe-et-Moselle,48.6833,6.2
12.0,254.0,VSIG,Rosé,55,Meuse,48.7667,5.5667
45.0,180.0,VSIG,Rosé,57,Moselle,49.1333,6.1667
12.0,105.0,VSIG,Rosé,58,Nièvre,47.0833,3.5
0.0,0.0,VSIG,Rosé,62,Pas-de-Calais,50.5333,2.3333
55.0,397.0,VSIG,Rosé,63,Puy-de-Dôme,45.7833,3.0833
79.0,562.0,VSIG,Rosé,64,Pyrénées-Atlantiques,43.3,-0.3667
10.0,0.0,VSIG,Rosé,65,Hautes-Pyrénées,43.2333,0.0833
948.0,6373.0,VSIG,Rosé,66,Pyrénées-Orientales,42.6833,2.895
14.0,101.0,VSIG,Rosé,67,Bas-Rhin,48.5833,7.75
16.0,94.0,VSIG,Rosé,68,Haut-Rhin,47.8667,7.3667
373.0,7250.0,VSIG,Rosé,69,Rhône,45.75,4.8333
10.0,0.0,VSIG,Rosé,70,Haute-Saône,47.6333,6.0833
82.0,714.0,VSIG,Rosé,71,Saône-et-Loire,46.5833,4.8333
34.0,262.0,VSIG,Rosé,72,Sarthe,48.0,0.2
123.0,1155.0,VSIG,Rosé,73,Savoie,45.5667,6.3
75.0,27.0,VSIG,Rosé,74,Haute-Savoie,46.0,6.3333
,0.0,VSIG,Rosé,77,Seine-et-Marne,48.6,2.95
28.0,532.0,VSIG,Rosé,79,Deux-Sèvres,46.5,-0.3333
807.0,15333.0,VSIG,Rosé,81,Tarn,43.9333,2.15
176.0,3179.0,VSIG,Rosé,82,Tarn-et-Garonne,44.0167,1.35
333.0,8769.0,VSIG,Rosé,83,Var,43.4167,6.2667
1124.0,6845.0,VSIG,Rosé,84,Vaucluse,44.05,5.05
102.0,3157.0,VSIG,Rosé,85,Vendée,46.6667,-1.4333
142.0,1560.0,VSIG,Rosé,86,Vienne,46.5833,0.3333
1.0,0.0,VSIG,Rosé,87,Haute-Vienne,45.8333,1.25
5.0,0.0,VSIG,Rosé,88,Vosges,48.1667,6.45
34.0,349.0,VSIG,Rosé,89,Yonne,47.8,3.5667
0.0,0.0,VSIG,Rosé,95,Val-d'Oise,49.0833,2.1333
